Brand,Synonyms,Excluded Competitors,Sub-brands,Official domains,ملاحظات
Aida,AIDA,,,,
Ajmi,AJMI,,,,
Al Alali,"AL ALALI, ALALALI, Alalali, العلالي","Ajeeb, Afia, Rana, Mukalla",,,الشيت يكتبها ALALALI و AL ALALI؛ الاثنتان هنا
Al Rawabi,"AL RAWABI, الروابي",Al Rabie,,,
Allde,ALLDE,,,alldefood.com,الموقع الرسمي ظهر في نتائج التشغيل
American Gold,AMERICAN GOLD,"Goody, Americana",,,لم تظهر له أي صورة في التشغيل؛ تأكد من اسم البراند الصحيح
American,AMERICAN LIGHT,"American Garden, Americana, Goody",,,خانة البراند في الشيت 'AMERICAN LIGHT' والبراند الفعلي American (تونة)؛ Light جزء من اسم المنتج
Ashoka,ASHOKA,Fit'n Bakes,,,
Bart's,"BARTS TRADITON, BARTS, Barts","Emborg, Simplot, McCain",,,خانة البراند فيها اسم الخط (TRADITON)؛ لم تظهر صورة صحيحة، تأكد من اسم البراند
Bato,BATO,McCain,,,
Chaliyar,CHALIYAR,,,,نتائجه كلها من إنستغرام وفيسبوك
Double Horse,DOUBLE HORSE,"Shan, Eastern",,,
Family,FAMILY,"Western Family, Del Monte, California Garden, Union",,,اسم بكلمة عامة: النظام يقبله دليلاً فقط في موضع البراند
Farmila,FARMILA,Sadia,,farmila.com,تأكد أن farmila.com موقع البراند
Freshly,"FRESHLY, Freshly Foods","Americana, Seara, Sadia",,,
Golden Prize,GOLDEN PRIZE,,,,
Green Farm,GREEN FARM,"Double Horse, Shan, Eastern",,,
Hup Hup,HUP HUP,McCain,,,
Ina Paarman's,"INA PARAMANS, Ina Paarman, INA PAARMANS",,,,الشيت يكتبها PARAMANS خطأً؛ المرادف يصلحها
Joy's,"JOYS, Joys",McCain,,,
Kabani,KABANI,"Kitchen Treasures, Eastern",,,
Kitchen Treasures,KITCHEN TREASURE,"Eastern, Yasmeen",,,
Lorena,LORENA,,,,
Mahra,MAHRA,Eastern,,,
McCain,"MCCAIN, Mc Cain, ماكين","Sadia, Lamb Weston, Simplot",,mccain.com,
Mehran,MEHRAN,Haldiram's,,mehranfoods.com,الموقع ظهر في نتائج التشغيل
Mr John,"MR JOHN, Mr. John","McCain, Lamb Weston",,,
Mukalla,MUKALLA,"Al Alali, Rana, Botan",,,
Nellara,NELLARA,Mehran,,,
Nirapara,NIRAPARA,,,,
Rio Mare,"RIO MARIE, Riomare",,,,الشيت يكتبها RIO MARIE خطأً؛ المرادف يصلحها
Royal Arm,ROYAL ARM,,,,نتائجه من متاجر فلبينية فقط
Saras,SARAS,Eastern,,,
Shan,SHAN,,,shanfoods.com,
Sunbulah,SUNBULAH,,,,
Super Tasty,"SUP/T, SUPER T/, SUPER/T, SUPER T","California Garden, Admirals, Lorena, Aloha, Goody",,,الشيت يكتبها بثلاث طرق (SUP/T و SUPER T/ و SUPER/T)؛ عناوين المتاجر 'Super Tasty Light Meat Solid Tuna In Salt Water 185g x 3' تطابق صفوفها
Target,TARGET,Danborg,,,اسم بكلمة عامة
Tasty Food,TASTY FOOD,,,,
Tomex,TOMEX,,,,
UFC,UFC,,,,
Virginia,"VIRGINIA, فرجينيا","Afia, John West, عافية",,,
Yumway,"YUMWAY, Yum-Way, Yum Way","Mondelle, Max Foods",,yumwayfood.com,الموقع ظهر في نتائج التشغيل
Zwan,"ZWAN, زوان",,,,
