row,name,brand
2,AIDA FRENCH FRIES 1KG,AIDA
3,BARTS TRADITON FRENCH FRIES STRAIGHT CUT 1KG,BARTS TRADITON
4,BATO FRENCH FRIES 900 MM,BATO
5,FARMILA FRENCH FRIES 9MM 1KG,FARMILA
6,HUP HUP FRENCH FRIES REGULAR CUT 1 KG,HUP HUP
7,JOYS FRENCH FRIES 1KG,JOYS
8,MCCAIN FRENCH FRIES GOLDEN LONG 750GM,MCCAIN
9,MCCAIN FRENCH FRIES TRADITION 750GM,MCCAIN
10,MR JOHN FRENCH FRIES 900GM,MR JOHN
11,SUNBULAH FRENCH FRIES 1KG,SUNBULAH
12,TOMEX FRENCH FRIES 9MM 1 KG,TOMEX
13,YUMWAY STRAIGHT CUT FRENCH FRIES 2.5 KG,YUMWAY
14,ASHOKA PLAIN PARATHA 5S 400GM,ASHOKA
15,MEHRAN PLAIN PARATHA 2X400GM 5S,MEHRAN
16,MEHRAN PLAIN PARATHA 400GM 5S,MEHRAN
17,AL RAWABI MOZZARELLA CHEESE 200GM,AL RAWABI
18,AJMI MEAT MASALA 160GM,AJMI
19,AL ALALI FANCY MEAT TUNA IN WATER170GM,AL ALALI
20,ALALALI FANCY MEAT TUNA IN SUNFLOWER OIL 85GM,AL ALALI
21,ALALALI FANCY MEAT TUNA IN WATER 85GM,AL ALALI
22,ALALALI WHITE MEAT TUNA IN S/F OIL 85GM,AL ALALI
23,ALALALI WHITE MEAT TUNA WATER 170GM,AL ALALI
24,ALALALI WHITE MEAT TUNA WATER 85GM,AL ALALI
25,ALLDE MEAT MASALA 160GM,ALLDE
26,AMERICAN GOLD LGT MEAT TUNA FLAKE IN SUNFLOWER OIL 160GM,AMERICAN GOLD
27,AMERICAN LIGHT MEAT TUNA 185 GM,AMERICAN LIGHT
28,AMERICAN LIGHT MEAT TUNA SOLID 185GM,AMERICAN LIGHT
29,CHALIYAR MEAT MASALA 160GM,CHALIYAR
30,DOUBLE HORSE MEAT MASALA 140GM,DOUBLE HORSE
31,FAMILY LIGHT TUNA MEAT CHUNK IN BRINE 185GM,FAMILY
32,FAMILY LIGHTMEAT SKIPJACK CHUNKS TUNA 185GM,FAMILY
33,FAMILY LIGHTMEAT TUNA SPRING WATER 185GM,FAMILY
34,FRESHLY CHICKEN SHAWARMA MEAT 350GM,FRESHLY
35,GOLDEN PRIZE L/ MEAT TUNA VEGE OIL 185GM,GOLDEN PRIZE
36,GREEN FARM MEAT MASALA 200GM,GREEN FARM
37,INA PARAMANS SEASOING MEAT SPICE 200ML,INA PARAMANS
38,KABANI MEAT MASALA160 GM,KABANI
39,KITCHEN TREASURE MEAT MASALA 160GM,KITCHEN TREASURE
40,LORENA LIGHT MEAT TUNA CHUNK W/S 185GM,LORENA
41,MAHRA MEAT MASALA 100GM,MAHRA
42,MUKALLA WHITE MEAT TUNA WITH VEG 185GM,MUKALLA
43,NELLARA MEAT MASALA 165GM,NELLARA
44,NIRAPARA MEAT MASALA 200GM,NIRAPARA
45,RIO MARIE LIGHT MEAT TUNA IN SUN OIL 3X70GM,RIO MARIE
46,ROYAL ARM LIGHT MEAT TUNA FLAKES 170GM,ROYAL ARM
47,SARAS MEAT MASALA 160GM,SARAS
48,SHAN MEAT MASALA 100GM,SHAN
49,SUP/T WT/MEAT SOLIDTUNA SALTWATER 185GM,SUP/T
50,SUPER T/MEAT SOLID TUNA SALT WATE3X185GM,SUPER T/
51,SUPER T/MEAT SOLID TUNA SUNFL OIL3X185GM,SUPER T/
52,SUPER/T LIGHT MEAT TUNA SOBEANOIL 185GM,SUPER/T
53,TARGET CHICKN LUNCHENMEAT RECTANGL 340GM,TARGET
54,TASTY FOOD MEAT MASALA 160 GM,TASTY FOOD
55,TASTY FOOD MEAT MASALA 160GM,TASTY FOOD
56,UFC MENUDO MEAT STEW SAUCE 200GM,UFC
57,VIRGINIA L/MEAT TUNA IN S/F OIL 170GM,VIRGINIA
58,VIRGINIA L/MEAT TUNA IN WATER 170GM,VIRGINIA
59,VIRGINIA WHITE MEAT TUNA IN WATER 170GM,VIRGINIA
60,VIRGINIA WHTE MEAT TUNA IN S/F OIL 170GM,VIRGINIA
61,ZWAN BEEF LUNCHEON MEAT 850GM,ZWAN
